Expert names,LSTM_1024_16,MLP_16_16_16,KF_CA_sw18E3,SMAPE Weighting Ensemble
LSTM_1024_16,1.0,0.6505709325001032,0.4315629695208224,0.7146404334755162
MLP_16_16_16,0.6505709325001032,1.0,0.5666659488753603,0.8492631522838912
KF_CA_sw18E3,0.4315629695208224,0.5666659488753603,1.0,0.8901110451930194
SMAPE Weighting Ensemble,0.7146404334755162,0.8492631522838912,0.8901110451930194,1.0
