Expert names,LSTM_1024_16,MLP_16_16_16,KF_CA_sw18E3,SMAPE Weighting Ensemble
LSTM_1024_16,1.0,0.317725070191922,0.43412349200038863,0.7244745149737285
MLP_16_16_16,0.317725070191922,1.0,0.3503996376585133,0.49044098118217305
KF_CA_sw18E3,0.43412349200038863,0.3503996376585133,1.0,0.91537356470153
SMAPE Weighting Ensemble,0.7244745149737285,0.49044098118217305,0.91537356470153,1.0
