Expert names,LSTM_1024_16,MLP_16_16_16,KF_CA_sw18E3,SMAPE Weighting Ensemble
LSTM_1024_16,0.0,0.20882498760535448,0.23044124938026772,0.18760535448686166
MLP_16_16_16,0.20882498760535448,0.0,0.19256321269211701,0.1308874566187407
KF_CA_sw18E3,0.23044124938026772,0.19256321269211701,0.0,0.10609816559246406
SMAPE Weighting Ensemble,0.18760535448686166,0.1308874566187407,0.10609816559246406,0.0
