Expert names,LSTM_1024_16,MLP_16_16_16,KF_CA_sw18E3,SMAPE Weighting Ensemble
LSTM_1024_16,0.0,0.1983143282102132,0.15081059707394226,0.12297350731514432
MLP_16_16_16,0.1983143282102132,0.0,0.17521070897372334,0.15894893406048588
KF_CA_sw18E3,0.15081059707394226,0.17521070897372334,0.0,0.04681692368525109
SMAPE Weighting Ensemble,0.12297350731514432,0.15894893406048588,0.04681692368525109,0.0
