Expert names,LSTM_1024_16,MLP_16_16_16,KF_CA_sw18E3,ME weighting
LSTM_1024_16,1.0,0.6505709325001032,0.4315629695208224,0.6400763689880966
MLP_16_16_16,0.6505709325001032,1.0,0.5666659488753603,0.7866616666006913
KF_CA_sw18E3,0.4315629695208224,0.5666659488753603,1.0,0.9301077098581243
ME weighting,0.6400763689880966,0.7866616666006913,0.9301077098581243,1.0
