Expert names,MLP_16_16_16,LSTM_1024_16,KF_CA_sw18E3,ME weighting
MLP_16_16_16,0.9999999999999999,0.5814881918728658,0.5129318084012452,0.7482843744299847
LSTM_1024_16,0.5814881918728658,1.0,0.29752907555430974,0.598485101289143
KF_CA_sw18E3,0.5129318084012452,0.29752907555430974,0.9999999999999998,0.8584200126536015
ME weighting,0.7482843744299847,0.598485101289143,0.8584200126536015,1.0
