Expert names,MLP_16_16_16,LSTM_1024_16,KF_CA_sw18E3,ME weighting
MLP_16_16_16,0.18159272526866904,0.05400936897216864,0.08083034812161294,0.10636538991457702
LSTM_1024_16,0.05400936897216864,0.1298796730045008,0.06273537246257004,0.06797097455681088
KF_CA_sw18E3,0.08083034812161294,0.06273537246257004,0.24340957104803895,0.1800312299072288
ME weighting,0.10636538991457702,0.06797097455681088,0.1800312299072288,0.2526866905483604
