Expert names,MLP_16_16_16,LSTM_1024_16,KF_CA_sw18E3,ME weighting
MLP_16_16_16,0.18159272526866904,0.03692477266464591,0.058785707724809406,0.081197758794893
LSTM_1024_16,0.03692477266464591,0.12790791274249377,0.06479916284311359,0.07188279803590115
KF_CA_sw18E3,0.058785707724809406,0.06479916284311359,0.21178459309345568,0.15922080012879336
ME weighting,0.081197758794893,0.07188279803590115,0.15922080012879336,0.21250905578362714
