Expert names,MLP_16_16_16,LSTM_1024_16,KF_CA_sw18E3,SMAPE Weighting Ensemble
MLP_16_16_16,1.0,0.5058285897133528,0.6517780608919381,0.8809372230389464
LSTM_1024_16,0.5058285897133528,1.0,0.23020528822019287,0.7639825270882682
KF_CA_sw18E3,0.6517780608919381,0.23020528822019287,0.9999999999999999,0.7474008303995169
SMAPE Weighting Ensemble,0.8809372230389464,0.7639825270882682,0.7474008303995169,1.0000000000000002
