Expert names,MLP_16_16_16,LSTM_1024_16,KF_CA_sw18E3,SMAPE Weighting Ensemble
MLP_16_16_16,1.0,0.37735077478436035,0.5276328742582209,0.6508000264406786
LSTM_1024_16,0.37735077478436035,1.0000000000000002,0.22763916366066975,0.816708172822071
KF_CA_sw18E3,0.5276328742582209,0.22763916366066975,0.9999999999999998,0.7086638880381435
SMAPE Weighting Ensemble,0.6508000264406786,0.816708172822071,0.7086638880381435,1.0
