Expert names,MLP_16_16_16,LSTM_1024_16,KF_CA_sw18E3,SMAPE Weighting Ensemble
MLP_16_16_16,0.0,0.21850412361361266,0.20257844345435586,0.17139065314247795
LSTM_1024_16,0.21850412361361266,0.0,0.1762652705061082,0.09199700822737472
KF_CA_sw18E3,0.20257844345435586,0.1762652705061082,0.0,0.12764896534530043
SMAPE Weighting Ensemble,0.17139065314247795,0.09199700822737472,0.12764896534530043,0.0
