Expert names,LSTM_1024_16,MLP_16_16_16,KF_CA_sw18E3,ME weighting
LSTM_1024_16,0.9999999999999999,0.6671485465109895,0.42487162915635324,0.649148997237205
MLP_16_16_16,0.6671485465109895,0.9999999999999998,0.5747005401750325,0.7996225080801047
KF_CA_sw18E3,0.42487162915635324,0.5747005401750325,1.0,0.9209062022320126
ME weighting,0.649148997237205,0.7996225080801047,0.9209062022320126,1.0000000000000002
