Expert names,LSTM_1024_16,MLP_16_16_16,KF_CA_sw18E3,ME weighting
LSTM_1024_16,0.9999999999999999,0.285803429411662,0.3722198301621245,0.4775629624511801
MLP_16_16_16,0.285803429411662,0.9999999999999998,0.3486243101681507,0.46608539063640986
KF_CA_sw18E3,0.3722198301621245,0.3486243101681507,1.0000000000000002,0.9660896248498974
ME weighting,0.4775629624511801,0.46608539063640986,0.9660896248498974,0.9999999999999999
