Expert names,LSTM_1024_16,MLP_16_16_16,KF_CA_sw18E3,ME weighting
LSTM_1024_16,1.0,0.6505709325001032,0.4315629695208224,0.5952334244320878
MLP_16_16_16,0.6505709325001032,1.0,0.5666659488753603,0.7965390229054271
KF_CA_sw18E3,0.4315629695208224,0.5666659488753603,1.0,0.9306791825406017
ME weighting,0.5952334244320878,0.7965390229054271,0.9306791825406017,1.0
