KF_CV,KF_CA
-0.00029421287008186275,4.53734480062723e-05
0.0019512521102345547,0.0010759066758334775
-0.0022901819651561343,-0.0010128230569832787
0.0075595850978116275,0.004128059212621937
-0.007640748869553134,-0.004003953521784107
