KF_CV,KF_CA
-0.8346583177561148,0.07614062096139018
-0.3051240769465226,0.5836585636034651
-1.4141781294307563,-0.4884763851058798
1.3041422653415622,1.6432879705329575
-2.255295994640998,-1.1658705627171417
