Expert names,MLP_16_16_16,LSTM_1024_16,KF_CA_sw18E3,ME weighting
MLP_16_16_16,0.9999999999999999,0.43293655037223977,0.5723636667510903,0.8676753290463932
LSTM_1024_16,0.43293655037223977,1.0,0.2914201908442101,0.5073120800957864
KF_CA_sw18E3,0.5723636667510903,0.2914201908442101,1.0,0.8395914185110201
ME weighting,0.8676753290463932,0.5073120800957864,0.8395914185110201,1.0000000000000002
