Expert names,MLP_16_16_16,LSTM_1024_16,KF_CA_sw18E3,ME weighting
MLP_16_16_16,0.9999999999999999,0.3612643801240003,0.44025778467661847,0.6431120704432285
LSTM_1024_16,0.3612643801240003,1.0,0.2647727154858298,0.5072713437258651
KF_CA_sw18E3,0.44025778467661847,0.2647727154858298,1.0,0.8498609107735823
ME weighting,0.6431120704432285,0.5072713437258651,0.8498609107735823,1.0
