Expert names,MLP_16_16_16,LSTM_1024_16,KF_CA_sw18E3,ME weighting
MLP_16_16_16,0.2379990494296578,0.05442015209125475,0.09434410646387832,0.14959600760456274
LSTM_1024_16,0.05442015209125475,0.15102186311787072,0.05085551330798479,0.06071768060836502
KF_CA_sw18E3,0.09434410646387832,0.05085551330798479,0.22160171102661597,0.1408032319391635
ME weighting,0.14959600760456274,0.06071768060836502,0.1408032319391635,0.2276615969581749
