Expert names,MLP_16_16_16,LSTM_1024_16,KF_CA_sw18E3,ME weighting
MLP_16_16_16,0.2379990494296578,0.03315114068441065,0.04907319391634981,0.07747148288973384
LSTM_1024_16,0.03315114068441065,0.13882013201320131,0.05930280528052805,0.06456270627062706
KF_CA_sw18E3,0.04907319391634981,0.05930280528052805,0.15212458745874588,0.10107260726072607
ME weighting,0.07747148288973384,0.06456270627062706,0.10107260726072607,0.1478960396039604
