Expert names,MLP_16_16_16,LSTM_1024_16,KF_CA_sw18E3,ME weighting
MLP_16_16_16,1.0,0.5058285897133528,0.6517780608919381,0.8959030140641514
LSTM_1024_16,0.5058285897133528,1.0,0.23020528822019287,0.5632715497344208
KF_CA_sw18E3,0.6517780608919381,0.23020528822019287,0.9999999999999999,0.8499728632459
ME weighting,0.8959030140641514,0.5632715497344208,0.8499728632459,0.9999999999999999
