Expert names,MLP_16_16_16,LSTM_1024_16,KF_CA_sw18E3,ME weighting
MLP_16_16_16,1.0,0.37735077478436035,0.5276328742582209,0.6966412102069856
LSTM_1024_16,0.37735077478436035,1.0000000000000002,0.22763916366066975,0.5299784999024473
KF_CA_sw18E3,0.5276328742582209,0.22763916366066975,0.9999999999999998,0.8802627959781002
ME weighting,0.6966412102069856,0.5299784999024473,0.8802627959781002,1.0
