Expert names,MLP_16_16_16,LSTM_1024_16,KF_CA_sw18E3,ME weighting
MLP_16_16_16,0.22295952222959523,0.03858185610010428,0.07251872215375865,0.10000947957152337
LSTM_1024_16,0.03858185610010428,0.12108368652871271,0.060915814842516416,0.06482174021441037
KF_CA_sw18E3,0.07251872215375865,0.060915814842516416,0.1770132136624283,0.12956037563367406
ME weighting,0.10000947957152337,0.06482174021441037,0.12956037563367406,0.17343970747112109
