Expert names,MLP_16_16_16,LSTM_1024_16,KF_CA_sw18E3,ME weighting
MLP_16_16_16,0.22295952222959523,0.05346478339179069,0.10408569532657123,0.1450374443075173
LSTM_1024_16,0.05346478339179069,0.11640913830694853,0.05592947198786615,0.059626504881979334
KF_CA_sw18E3,0.10408569532657123,0.05592947198786615,0.19603753910323254,0.14086643283723577
ME weighting,0.1450374443075173,0.059626504881979334,0.14086643283723577,0.21025689638828324
