DQ_CVBC_CV,KF_DQ_CA_CA,DQ_CALV_CADSC,DQ_IA_CV,DQ_IA_CA,DQ_IA_Ratio
5.325334487014943e-06,4.104692624400108e-06,2.246639908255743e-06,5.286557524408764e-06,4.278130242278688e-06,-4.121700178383314e-08
0.00021633373053622784,0.0001622540552581632,0.0001615444980579278,0.0002139893828362327,0.00016953613005661963,2.7734742112674876e-05
-0.00012392067147712522,-9.49619412702711e-05,-0.00016224634567061497,-0.00012780149129406823,-0.00010322669241452295,-3.7934382632640734e-05
0.0006878634979029935,0.00048362519433340495,0.0006323227165307838,0.000689509169760634,0.0005113616661523018,8.534245246143157e-05
-0.0006269208124781017,-0.0004724969138640428,-0.0006270815738814162,-0.00062594517029671,-0.0005018951314114534,-0.00012608601724212187
