DQ_CVBC_CV,KF_DQ_CA_CA,DQ_CALV_CADSC,DQ_IA_CV,DQ_IA_CA,DQ_IA_Ratio
0.0024700058769635547,-0.1386363001627604,-0.1386363001627604,-1.5892441721732098e-05,-1.5892441721732098e-05,-1.5892441721732098e-05
0.02702888061818154,-0.13508874123787074,-0.13508874123787074,0.008513974032535288,0.008513974032535288,0.008513974032535288
-0.020720229573335303,-0.14580514135239842,-0.14580514135239842,-0.006597184912303433,-0.006597184912303433,-0.006597184912303433
0.09861578221136114,-0.11924585490896433,-0.11924585490896433,0.02857562582840245,0.02857562582840245,0.02857562582840245
-0.08260393239048014,-0.1617077380055001,-0.1617077380055001,-0.027966960608218017,-0.027966960608218017,-0.027966960608218017
