KF_CV,KF_CA
3.7079841081130716e-06,4.370607963002926e-06
0.0005420940655670153,6.334411321817085e-05
-0.0006186366669240495,-4.424890125397096e-05
0.0021711876276191006,0.000221087726485783
-0.0022946472815037616,-0.00020448099522688
