KF_CVBC_CV,KF_CV_CV,KF_CA
1.3209533459110356e-05,1.752884062806992e-05,-1.063713205920469e-07
0.00045078459454651887,0.000584422464611439,4.6907976437221555e-05
-0.00043237632204174044,-0.0005503864076935889,-5.0889736648013564e-05
0.0017732070420482388,0.0022741628820013293,0.000191919251148559
-0.001752294586656128,-0.002243704169637685,-0.00019666009002068663
