KF_CV,KF_CA
1.2430608577662756,-0.022759585459477094
1.3086744331974596,-0.016306533634730336
1.1776008557830497,-0.035821116091938165
1.5043880219039423,0.01286600186875475
0.9827834688186332,-0.06504358254189668
