KF_CVBC_CV,KF_CV_CV,KF_CA
-0.020501938740824954,1.2430608577662756,-0.022759585459477094
0.045111636690359,1.3086744331974596,-0.016306533634730336
-0.08596194072405083,1.1776008557830497,-0.035821116091938165
0.2408252253968417,1.5043880219039423,0.01286600186875475
-0.28077932768846736,0.9827834688186332,-0.06504358254189668
