KF_CV,KF_CA
-1.23713802050995,0.023251903128212348
-1.1750132513088514,0.0352503432376059
-1.3145172653897204,0.016271421564518995
-0.9948409696613272,0.06364481057411808
-1.523249718773604,-0.010838297931734076
