MLP,KF_CV,KF_CA,LSTM
9.403543018320129,0.814123601150657,0.39997250968098375,9.82842823681941
18.60668748447909,8.231544066196715,10.194559023195463,17.6982007712522
-1.050762267941177,-7.451627004062905,-9.293628605325184,2.1087206070882845
46.920354598457365,31.28599866829412,35.29967179630377,40.32942855979296
-30.105462553607808,-28.920505370934418,-37.805892922761444,-21.10799041820262
