MLP,KF_CV,KF_CA,LSTM
0.002575954771489919,0.029693160328986,0.06253398157152384,0.062431418326056476
0.2106925001656862,0.12016251357969937,0.18942604731864904,0.17961110395449537
-0.21157590681521093,-0.07195827512544248,-0.07600622472725374,-0.04902984158237744
0.7372750458259987,0.4030004997850224,0.5806625618024447,0.5214622102893777
-0.7223530975490577,-0.35175830276084463,-0.4677170816431111,-0.353196811085281
