Expert names,KF_CA_sw18E3,Simple Ensemble
KF_CA_sw18E3,0.08343218663503361,0.08343218663503361
Simple Ensemble,0.08343218663503361,0.08343218663503361
