Expert names,MLP_16_16_16,LSTM_1024_16,KF_CA_sw18E3,Simple Ensemble
MLP_16_16_16,0.9999999999999999,0.44506976773934476,0.41015748181186684,0.6621278869578667
LSTM_1024_16,0.44506976773934476,1.0,0.26500991525248124,0.8776815957283588
KF_CA_sw18E3,0.41015748181186684,0.26500991525248124,1.0,0.6155008099512501
Simple Ensemble,0.6621278869578667,0.8776815957283588,0.6155008099512501,0.9999999999999999
