Expert names,MLP_16_16_16,LSTM_1024_16,KF_CA_sw18E3,Simple Ensemble
MLP_16_16_16,0.9999999999999999,0.5814881918728658,0.5129318084012452,0.8632364107157462
LSTM_1024_16,0.5814881918728658,1.0,0.29752907555430974,0.8566587045432014
KF_CA_sw18E3,0.5129318084012452,0.29752907555430974,0.9999999999999998,0.6252237752999826
Simple Ensemble,0.8632364107157462,0.8566587045432014,0.6252237752999826,1.0
