Expert names,MLP_16_16_16,LSTM_1024_16,KF_CA_sw18E3,Simple Ensemble
MLP_16_16_16,0.0,0.17920455589234868,0.21860935060163497,0.13741159180674198
LSTM_1024_16,0.17920455589234868,0.0,0.21009418014972228,0.08081783788134911
KF_CA_sw18E3,0.21860935060163497,0.21009418014972228,0.0,0.17982773887144812
Simple Ensemble,0.13741159180674198,0.08081783788134911,0.17982773887144812,0.0
