Expert names,MLP_16_16_16,LSTM_1024_16,KF_CA_sw18E3,Simple Ensemble
MLP_16_16_16,0.0,0.20345366032883255,0.2633416000734821,0.14200422522274272
LSTM_1024_16,0.20345366032883255,0.0,0.24781849912739964,0.13897308716818224
KF_CA_sw18E3,0.2633416000734821,0.24781849912739964,0.0,0.20547441903187288
Simple Ensemble,0.14200422522274272,0.13897308716818224,0.20547441903187288,0.0
