Expert names,MLP_16_16_16,LSTM_1024_16,KF_CA_sw18E3,Simple Ensemble
MLP_16_16_16,0.18159272526866904,0.05400936897216864,0.08083034812161294,0.11408101405345825
LSTM_1024_16,0.05400936897216864,0.1298796730045008,0.06273537246257004,0.08974005694865436
KF_CA_sw18E3,0.08083034812161294,0.06273537246257004,0.24340957104803895,0.11325434003857812
Simple Ensemble,0.11408101405345825,0.08974005694865436,0.11325434003857812,0.18857352806099018
