DQ_CVBC_CV,KF_DQ_CA_CA,DQ_CALV_CADSC,DQ_IA_CV,DQ_IA_CA,DQ_IA_Ratio
-2.598132028130973e-07,6.587427916794619e-06,2.7815765147286287e-06,8.32095604589439e-07,7.101293555508703e-06,1.0636915877895725e-06
0.00033148937669789415,5.016133080852983e-05,4.148832950249398e-05,0.00033184110700741447,5.021734335997757e-05,2.3632954774935322e-05
-0.00026676535738545323,-3.3739884776805285e-05,-3.3303253299268865e-05,-0.000268486413883353,-3.4101781518216384e-05,-1.6983996300276583e-05
0.0012145805147411592,0.00015079130458797718,0.00015079130458797718,0.0012299763089819865,0.00015006644620749188,8.266518029623193e-05
-0.0011154527788995346,-0.00014342023908105184,-0.00014342023908105184,-0.0011194162951022359,-0.00013980140278083142,-7.017927079666642e-05
