DQ_CVBC_CV,KF_DQ_CA_CA,DQ_CALV_CADSC,DQ_IA_CV,DQ_IA_CA,DQ_IA_Ratio
-0.011100017412395857,0.10763310424400174,0.10763310424403016,0.000161241708298121,0.000161241708298121,0.000161241708298121
0.21235719780180773,0.18274666431976527,0.1827466643197937,0.029163510588261943,0.029163510588261943,0.029163510588261943
-0.17182655406919167,-0.08666503515035373,-0.0866650351503182,-0.011186295824487047,-0.011186295824487047,-0.011186295824487047
0.777486904975305,0.5758204337055446,0.5758204337055304,0.089154491104523,0.089154491104523,0.089154491104523
-0.7455721236364781,-0.4256387551295404,-0.42563875512956884,-0.06970313412875839,-0.06970313412875839,-0.06970313412875839
