Expert names,LSTM_1024_16,MLP_16_16_16,KF_CA_sw18E3,ME weighting
LSTM_1024_16,1.0,0.317725070191922,0.43412349200038863,0.5414103545666105
MLP_16_16_16,0.317725070191922,1.0,0.3503996376585133,0.4628982218649386
KF_CA_sw18E3,0.43412349200038863,0.3503996376585133,1.0,0.9697205873058162
ME weighting,0.5414103545666105,0.4628982218649386,0.9697205873058162,0.9999999999999999
