Expert names,LSTM_1024_16,MLP_16_16_16,KF_CA_sw18E3,Covariance Weighting Ensemble
LSTM_1024_16,1.0,0.6505709325001032,0.4315629695208224,0.6283844247413624
MLP_16_16_16,0.6505709325001032,1.0,0.5666659488753603,0.9581785100479897
KF_CA_sw18E3,0.4315629695208224,0.5666659488753603,1.0,0.7744341932210915
Covariance Weighting Ensemble,0.6283844247413624,0.9581785100479897,0.7744341932210915,0.9999999999999999
