Expert names,LSTM_1024_16,MLP_16_16_16,KF_CA_sw18E3,Covariance Weighting Ensemble
LSTM_1024_16,1.0,0.317725070191922,0.43412349200038863,0.4340578723838467
MLP_16_16_16,0.317725070191922,1.0,0.3503996376585133,0.5854252209757363
KF_CA_sw18E3,0.43412349200038863,0.3503996376585133,1.0,0.9098986653672809
Covariance Weighting Ensemble,0.4340578723838467,0.5854252209757363,0.9098986653672809,1.0
