Expert names,LSTM_1024_16,MLP_16_16_16,KF_CA_sw18E3,Covariance Weighting Ensemble
LSTM_1024_16,0.0,0.1983143282102132,0.15081059707394226,0.15073151443258204
MLP_16_16_16,0.1983143282102132,0.0,0.17521070897372334,0.14060485870104114
KF_CA_sw18E3,0.15081059707394226,0.17521070897372334,0.0,0.042309213127718466
Covariance Weighting Ensemble,0.15073151443258204,0.14060485870104114,0.042309213127718466,0.0
