Expert names,LSTM_1024_16,MLP_16_16_16,KF_CA_sw18E3,Covariance Weighting Ensemble
LSTM_1024_16,0.0,0.20882498760535448,0.23044124938026772,0.20366881507188894
MLP_16_16_16,0.20882498760535448,0.0,0.19256321269211701,0.07000495785820525
KF_CA_sw18E3,0.23044124938026772,0.19256321269211701,0.0,0.1443728309370352
Covariance Weighting Ensemble,0.20366881507188894,0.07000495785820525,0.1443728309370352,0.0
