Expert names,LSTM_1024_16,MLP_16_16_16,KF_CA_sw18E3,Covariance Weighting Ensemble
LSTM_1024_16,0.19732275656916212,0.0900347050074368,0.05324739712444224,0.08309370352007933
MLP_16_16_16,0.0900347050074368,0.19157164105106594,0.06931085770946951,0.14705007436787307
KF_CA_sw18E3,0.05324739712444224,0.06931085770946951,0.13961328705999007,0.08388696083292017
Covariance Weighting Ensemble,0.08309370352007933,0.14705007436787307,0.08388696083292017,0.17253346554288548
