Expert names,LSTM_1024_16,MLP_16_16_16,KF_CA_sw18E3,Covariance Weighting Ensemble
LSTM_1024_16,0.1486753657572163,0.01368368864650471,0.04064847765915382,0.04373270067220245
MLP_16_16_16,0.01368368864650471,0.19157164105106594,0.03202776400594943,0.051760039662865645
KF_CA_sw18E3,0.04064847765915382,0.03202776400594943,0.08343218663503361,0.0653222617635429
Covariance Weighting Ensemble,0.04373270067220245,0.051760039662865645,0.0653222617635429,0.08952155001977066
