Expert names,LSTM_1024_16,MLP_16_16_16,KF_CA_sw18E3,Simple Ensemble
LSTM_1024_16,1.0,0.317725070191922,0.43412349200038863,0.9140109846640213
MLP_16_16_16,0.317725070191922,1.0,0.3503996376585133,0.46237344426996274
KF_CA_sw18E3,0.43412349200038863,0.3503996376585133,1.0,0.7335491755606057
Simple Ensemble,0.9140109846640213,0.46237344426996274,0.7335491755606057,1.0000000000000002
