Expert names,LSTM_1024_16,MLP_16_16_16,KF_CA_sw18E3,Simple Ensemble
LSTM_1024_16,1.0,0.6505709325001032,0.4315629695208224,0.8596452544294186
MLP_16_16_16,0.6505709325001032,1.0,0.5666659488753603,0.8831953949288515
KF_CA_sw18E3,0.4315629695208224,0.5666659488753603,1.0,0.7552913401156526
Simple Ensemble,0.8596452544294186,0.8831953949288515,0.7552913401156526,1.0
