Expert names,LSTM_1024_16,MLP_16_16_16,KF_CA_sw18E3,Simple Ensemble
LSTM_1024_16,0.0,0.1983143282102132,0.15081059707394226,0.0631079478054567
MLP_16_16_16,0.1983143282102132,0.0,0.17521070897372334,0.16787307882994545
KF_CA_sw18E3,0.15081059707394226,0.17521070897372334,0.0,0.10177935943060498
Simple Ensemble,0.0631079478054567,0.16787307882994545,0.10177935943060498,0.0
