Expert names,LSTM_1024_16,MLP_16_16_16,KF_CA_sw18E3,Simple Ensemble
LSTM_1024_16,0.0,0.20882498760535448,0.23044124938026772,0.13713435795736242
MLP_16_16_16,0.20882498760535448,0.0,0.19256321269211701,0.12305404065443729
KF_CA_sw18E3,0.23044124938026772,0.19256321269211701,0.0,0.1625185919682697
Simple Ensemble,0.13713435795736242,0.12305404065443729,0.1625185919682697,0.0
