Expert names,LSTM_1024_16,MLP_16_16_16,KF_CA_sw18E3,Simple Ensemble
LSTM_1024_16,0.19732275656916212,0.0900347050074368,0.05324739712444224,0.12563212692117007
MLP_16_16_16,0.0900347050074368,0.19157164105106594,0.06931085770946951,0.12979672781358453
KF_CA_sw18E3,0.05324739712444224,0.06931085770946951,0.13961328705999007,0.08408527516113039
Simple Ensemble,0.12563212692117007,0.12979672781358453,0.08408527516113039,0.1910758552305404
