Expert names,LSTM_1024_16,MLP_16_16_16,KF_CA_sw18E3,Simple Ensemble
LSTM_1024_16,0.1486753657572163,0.01368368864650471,0.04064847765915382,0.10462633451957296
MLP_16_16_16,0.01368368864650471,0.19157164105106594,0.03202776400594943,0.02617749132374814
KF_CA_sw18E3,0.04064847765915382,0.03202776400594943,0.08343218663503361,0.052669039145907474
Simple Ensemble,0.10462633451957296,0.02617749132374814,0.052669039145907474,0.12368525108738632
