Expert names,LSTM_1024_16,MLP_16_16_16,KF_CA_sw18E3,ME weighting
LSTM_1024_16,1.0,0.6505709325001032,0.4315629695208224,0.6383946567388317
MLP_16_16_16,0.6505709325001032,1.0,0.5666659488753603,0.7846073493960534
KF_CA_sw18E3,0.4315629695208224,0.5666659488753603,1.0,0.930033930179881
ME weighting,0.6383946567388317,0.7846073493960534,0.930033930179881,0.9999999999999999
