Expert names,LSTM_1024_16,MLP_16_16_16,KF_CA_sw18E3,ME weighting
LSTM_1024_16,0.0,0.20882498760535448,0.23044124938026772,0.1999008428358949
MLP_16_16_16,0.20882498760535448,0.0,0.19256321269211701,0.1548834903321765
KF_CA_sw18E3,0.23044124938026772,0.19256321269211701,0.0,0.07694595934556271
ME weighting,0.1999008428358949,0.1548834903321765,0.07694595934556271,0.0
