Expert names,LSTM_1024_16,MLP_16_16_16,KF_CA_sw18E3,ME weighting
LSTM_1024_16,0.1486753657572163,0.01368368864650471,0.04064847765915382,0.042941874258600236
MLP_16_16_16,0.01368368864650471,0.19157164105106594,0.03202776400594943,0.03589489340604859
KF_CA_sw18E3,0.04064847765915382,0.03202776400594943,0.08343218663503361,0.06998813760379596
ME weighting,0.042941874258600236,0.03589489340604859,0.06998813760379596,0.07995255041518387
