Expert names,MLP_16_16_16,LSTM_1024_16,KF_CA_sw18E3,Simple Ensemble
MLP_16_16_16,1.0,0.37735077478436035,0.5276328742582209,0.6251577794984691
LSTM_1024_16,0.37735077478436035,1.0000000000000002,0.22763916366066975,0.8608619547959244
KF_CA_sw18E3,0.5276328742582209,0.22763916366066975,0.9999999999999998,0.6549657581104416
Simple Ensemble,0.6251577794984691,0.8608619547959244,0.6549657581104416,0.9999999999999999
