Expert names,MLP_16_16_16,LSTM_1024_16,KF_CA_sw18E3,Simple Ensemble
MLP_16_16_16,0.0,0.23243909375296237,0.21082567067968527,0.15375865010901507
LSTM_1024_16,0.23243909375296237,0.0,0.20058773343444877,0.13764337851929093
KF_CA_sw18E3,0.21082567067968527,0.20058773343444877,0.0,0.13916010996302966
Simple Ensemble,0.15375865010901507,0.13764337851929093,0.13916010996302966,0.0
