Expert names,MLP_16_16_16,LSTM_1024_16,KF_CA_sw18E3,Simple Ensemble
MLP_16_16_16,0.0,0.21850412361361266,0.20257844345435586,0.18248175182481752
LSTM_1024_16,0.21850412361361266,0.0,0.1762652705061082,0.07196875259702484
KF_CA_sw18E3,0.20257844345435586,0.1762652705061082,0.0,0.139699160641569
Simple Ensemble,0.18248175182481752,0.07196875259702484,0.139699160641569,0.0
