Expert names,MLP_16_16_16,LSTM_1024_16,KF_CA_sw18E3,Simple Ensemble
MLP_16_16_16,0.22295952222959523,0.03858185610010428,0.07251872215375865,0.05640345056403451
LSTM_1024_16,0.03858185610010428,0.12108368652871271,0.060915814842516416,0.08942075957782764
KF_CA_sw18E3,0.07251872215375865,0.060915814842516416,0.1770132136624283,0.08352031912241337
Simple Ensemble,0.05640345056403451,0.08942075957782764,0.08352031912241337,0.12972658522396743
