Expert names,MLP_16_16_16,LSTM_1024_16,KF_CA_sw18E3,Simple Ensemble
MLP_16_16_16,0.22295952222959523,0.05346478339179069,0.10408569532657123,0.1261730969760167
LSTM_1024_16,0.05346478339179069,0.11640913830694853,0.05592947198786615,0.0809555408095554
KF_CA_sw18E3,0.10408569532657123,0.05592947198786615,0.19603753910323254,0.12001137548582803
Simple Ensemble,0.1261730969760167,0.0809555408095554,0.12001137548582803,0.1831453218314532
