MLP_16_16_16,LSTM_1024_16,KF_CA_sw18E3,Simple Ensemble
2.882909452759988e-08,3.222273438381238e-08,2.9877669931592235e-08,2.5644059291884434e-08
5.972360411194314e-08,1.0118066087505963e-07,6.804784957876113e-08,5.917403564648219e-08
1.1540660417006832e-08,1.2117997519894543e-08,1.2038197070610691e-08,1.0234720537536094e-08
1.319330321895954e-07,2.3447232225467926e-07,1.518345053348441e-07,1.3246875161370408e-07
1.0618258392539062e-12,8.80600059489656e-13,3.7698074766185936e-12,1.823714487817958e-12
