DQ_CVBC_CV,KF_DQ_CA_CA,DQ_CALV_CADSC,DQ_IA_CV,DQ_IA_CA,DQ_IA_Ratio
7.747969236127777e-06,3.948747539020414e-07,-2.205807741947896e-07,7.76002139614429e-06,9.28969488278586e-08,-3.5702110378621477e-06
0.0003505944889614209,3.225181174576833e-05,3.579079824404113e-05,0.0003587671440591668,3.1813483483630195e-05,1.9611403415381937e-05
-0.00038528935401918596,-3.114739067917871e-05,-3.242798134007671e-05,-0.0003866446556194114,-3.042443424962002e-05,-3.3928351157714795e-05
0.0012850452301111648,0.00011396641573040156,0.00011396641573040156,0.0012702803185301315,0.00010828077973805417,9.449712739677263e-05
-0.0014867880901186098,-0.00012536760900049536,-0.00012536760900049362,-0.0014813310104334482,-0.00011905476105888296,-0.00010656791084952266
