DQ_CVBC_CV,KF_DQ_CA_CA,DQ_CALV_CADSC,DQ_IA_CV,DQ_IA_CA,DQ_IA_Ratio
-0.0011171444069688619,0.0646169510680128,0.06461695106801812,-0.00034865155249264035,-0.00034865155249264035,-0.00034865155249264035
0.02201376859099824,0.06778556919118373,0.06778556919118461,0.002687450763751542,0.002687450763751542,0.002687450763751542
-0.02813457188087387,0.05985106473106727,0.059851064731063275,-0.00245018386476481,-0.00245018386476481,-0.00245018386476481
0.07554597584087475,0.07507285136895803,0.07507285136896158,0.009182308712482268,0.009182308712482268,0.009182308712482268
-0.10010791889218495,0.05032719618035664,0.05032719618035486,-0.008637719740423933,-0.008637719740423933,-0.008637719740423933
