Expert names,LSTM_1024_16,LSTM_16_16,MLP_16_16_16,KF_CV_sw18,KF_CA_sw18E3,Simple Ensemble
LSTM_1024_16,0.14848982271831912,0.09747209455022982,0.04076064142389388,0.07120814182534471,0.0706172028890348,0.1149704530531845
LSTM_16_16,0.09747209455022982,0.12042022324359816,0.01771471748803627,0.05203545633617859,0.05229809586342744,0.08988837820091924
MLP_16_16_16,0.04076064142389388,0.01771471748803627,0.2421711023423726,0.06313491730333305,0.06653513558895138,0.07060700193098816
KF_CV_sw18,0.07120814182534471,0.05203545633617859,0.06313491730333305,0.17705187130663164,0.1344714379514117,0.10114904793171373
KF_CA_sw18E3,0.0706172028890348,0.05229809586342744,0.06653513558895138,0.1344714379514117,0.17846355876559422,0.09980302035456336
Simple Ensemble,0.1149704530531845,0.08988837820091924,0.07060700193098816,0.10114904793171373,0.09980302035456336,0.16231122783978988
