Expert names,LSTM_1024_16,MLP_16_16_16,KF_CA_sw18E3,SMAPE Weighting Ensemble
LSTM_1024_16,1.0,0.317725070191922,0.43412349200038863,0.7197496904422469
MLP_16_16_16,0.317725070191922,1.0,0.3503996376585133,0.49028397116963013
KF_CA_sw18E3,0.43412349200038863,0.3503996376585133,1.0,0.9179142545698842
SMAPE Weighting Ensemble,0.7197496904422469,0.49028397116963013,0.9179142545698842,1.0
