Expert names,LSTM_1024_16,MLP_16_16_16,KF_CA_sw18E3,SMAPE Weighting Ensemble
LSTM_1024_16,1.0,0.6505709325001032,0.4315629695208224,0.7114194510549345
MLP_16_16_16,0.6505709325001032,1.0,0.5666659488753603,0.8479716894155604
KF_CA_sw18E3,0.4315629695208224,0.5666659488753603,1.0,0.8921491623257092
SMAPE Weighting Ensemble,0.7114194510549345,0.8479716894155604,0.8921491623257092,1.0
