Expert names,LSTM_1024_16,MLP_16_16_16,KF_CA_sw18E3,SMAPE Weighting Ensemble
LSTM_1024_16,0.0,0.20882498760535448,0.23044124938026772,0.18859692612791273
MLP_16_16_16,0.20882498760535448,0.0,0.19256321269211701,0.13168071393158157
KF_CA_sw18E3,0.23044124938026772,0.19256321269211701,0.0,0.10470996529499256
SMAPE Weighting Ensemble,0.18859692612791273,0.13168071393158157,0.10470996529499256,0.0
