Expert names,LSTM_1024_16,MLP_16_16_16,KF_CA_sw18E3,SMAPE Weighting Ensemble
LSTM_1024_16,0.0,0.1983143282102132,0.15081059707394226,0.12431791221826809
MLP_16_16_16,0.1983143282102132,0.0,0.17521070897372334,0.15884977689638077
KF_CA_sw18E3,0.15081059707394226,0.17521070897372334,0.0,0.04578884934756821
SMAPE Weighting Ensemble,0.12431791221826809,0.15884977689638077,0.04578884934756821,0.0
