LSTM_1024_16,MLP_16_16_16,KF_CA_sw18E3,SMAPE Weighting Ensemble
0.7960982234936379,0.4391900865917795,0.29332008919883995,0.3163835300234232
2.480900623535548,0.9436586801185544,0.687140393817442,0.7260844798003847
0.2790899301057028,0.17015786142891812,0.11254840516019902,0.11716838395574541
5.7829745388822005,2.1031167235104284,1.5469219158045433,1.6385733334055221
3.5475116199078315e-05,1.2775598770769988e-05,9.112203221502469e-06,2.558775344314e-06
