Expert names,MLP_16_16_16,LSTM_1024_16,KF_CA_sw18E3,Simple Ensemble
MLP_16_16_16,0.9999999999999999,0.3612643801240003,0.44025778467661847,0.6101000704810792
LSTM_1024_16,0.3612643801240003,1.0,0.2647727154858298,0.8284556138773596
KF_CA_sw18E3,0.44025778467661847,0.2647727154858298,1.0,0.671805718829206
Simple Ensemble,0.6101000704810792,0.8284556138773596,0.671805718829206,0.9999999999999999
