Expert names,MLP_16_16_16,LSTM_1024_16,KF_CA_sw18E3,Simple Ensemble
MLP_16_16_16,0.9999999999999999,0.43293655037223977,0.5723636667510903,0.795040926691445
LSTM_1024_16,0.43293655037223977,1.0,0.2914201908442101,0.8120129499284305
KF_CA_sw18E3,0.5723636667510903,0.2914201908442101,1.0,0.6867193345756426
Simple Ensemble,0.795040926691445,0.8120129499284305,0.6867193345756426,0.9999999999999999
