Expert names,MLP_16_16_16,LSTM_1024_16,KF_CA_sw18E3,Simple Ensemble
MLP_16_16_16,0.0,0.280180608365019,0.2709125475285171,0.19617395437262358
LSTM_1024_16,0.280180608365019,0.0,0.2709125475285171,0.16979562737642587
KF_CA_sw18E3,0.2709125475285171,0.2709125475285171,0.0,0.20876901140684412
Simple Ensemble,0.19617395437262358,0.16979562737642587,0.20876901140684412,0.0
