Expert names,MLP_16_16_16,LSTM_1024_16,KF_CA_sw18E3,Simple Ensemble
MLP_16_16_16,0.2379990494296578,0.03315114068441065,0.04907319391634981,0.053944866920152094
LSTM_1024_16,0.03315114068441065,0.13882013201320131,0.05930280528052805,0.0935437293729373
KF_CA_sw18E3,0.04907319391634981,0.05930280528052805,0.15212458745874588,0.07683580858085809
Simple Ensemble,0.053944866920152094,0.0935437293729373,0.07683580858085809,0.1368605610561056
