Expert names,MLP_16_16_16,LSTM_1024_16,KF_CA_sw18E3,Simple Ensemble
MLP_16_16_16,0.2379990494296578,0.05442015209125475,0.09434410646387832,0.125712927756654
LSTM_1024_16,0.05442015209125475,0.15102186311787072,0.05085551330798479,0.09541349809885931
KF_CA_sw18E3,0.09434410646387832,0.05085551330798479,0.22160171102661597,0.1112167300380228
Simple Ensemble,0.125712927756654,0.09541349809885931,0.1112167300380228,0.20960076045627377
